datetime,open,high,low,close,volume,iv,oi,spot,strike
2025-09-26 09:15:00,410.05,471.4,410.05,447.95,6525,10.66,75300,24791.6,25250.0
2025-09-26 09:30:00,452.0,464.3,423.65,452.55,30600,10.63,74625,24781.45,25250.0
2025-09-26 09:45:00,454.8,455.4,440.55,440.55,16350,10.94,74250,24816.3,25250.0
2025-09-26 10:00:00,440.55,456.35,440.55,455.0,675,10.7,74250,24780.5,25250.0
2025-09-26 10:15:00,455.0,455.0,425.0,447.0,375,10.75,74175,24794.95,25250.0
2025-09-26 10:30:00,447.0,452.0,445.0,445.0,1050,10.78,73875,24800.35,25250.0
2025-09-26 10:45:00,443.0,459.6,443.0,459.6,600,10.86,74100,24781.45,25250.0
2025-09-26 11:00:00,425.75,464.95,425.75,433.0,12000,10.76,710625,24768.6,25200.0
2025-09-26 11:15:00,434.95,441.0,430.0,435.0,15525,10.73,712275,24763.7,25200.0
2025-09-26 11:30:00,435.0,450.0,435.0,444.35,14775,10.79,713475,24751.25,25200.0
2025-09-26 11:45:00,441.75,470.0,428.45,432.0,9600,10.75,712500,24771.2,25200.0
2025-09-26 12:00:00,432.0,440.6,432.0,437.65,24975,10.81,721875,24764.3,25200.0
2025-09-26 12:15:00,437.65,473.05,429.95,434.65,12225,10.76,729750,24765.65,25200.0
2025-09-26 12:30:00,436.95,445.45,432.1,433.0,13650,10.83,732675,24774.2,25200.0
2025-09-26 12:45:00,473.05,473.05,428.95,428.95,150,10.72,734550,24774.4,25200.0
2025-09-26 13:00:00,473.05,473.05,432.25,442.5,5175,10.86,735000,24758.75,25200.0
2025-09-26 13:15:00,442.95,458.75,441.9,456.2,21600,10.88,735525,24735.45,25200.0
2025-09-26 13:30:00,457.75,465.75,437.45,447.2,9375,11.13,60300,24713.1,25150.0
2025-09-26 13:45:00,446.0,481.2,446.0,454.4,5025,11.5,607500,24667.4,25100.0
2025-09-26 14:00:00,458.25,479.75,456.0,461.8,47850,11.64,552225,24663.55,25100.0
2025-09-26 14:15:00,463.35,488.65,462.0,473.45,32325,11.72,557175,24645.75,25100.0
2025-09-26 14:30:00,472.35,475.7,456.7,457.8,15300,11.46,557850,24661.1,25100.0
2025-09-26 14:45:00,458.15,479.25,458.15,471.5,9000,11.65,559125,24650.6,25100.0
2025-09-26 15:00:00,473.3,477.0,458.7,471.0,11175,11.62,558375,24644.5,25100.0
2025-09-26 15:15:00,469.8,470.5,455.0,460.8,23625,11.79,555150,24673.1,25100.0
2025-09-29 09:15:00,433.95,462.95,432.7,448.0,3375,11.24,57825,24712.1,25150.0
2025-09-29 09:30:00,440.0,460.95,433.0,444.75,28875,10.83,741375,24750.8,25200.0
2025-09-29 09:45:00,441.8,450.0,428.0,432.55,49575,10.55,732900,24758.1,25200.0
2025-09-29 10:00:00,432.0,442.6,429.75,431.5,16275,10.55,727950,24758.4,25200.0
2025-09-29 10:15:00,431.5,453.9,423.25,423.25,9900,10.52,724050,24771.5,25200.0
2025-09-29 10:30:00,423.25,437.2,422.0,429.7,11550,10.58,719550,24763.25,25200.0
2025-09-29 10:45:00,429.25,455.05,426.5,441.1,12375,10.6,718425,24744.3,25200.0
2025-09-29 11:00:00,439.75,446.0,430.0,445.0,4275,10.57,718425,24740.45,25200.0
2025-09-29 11:15:00,448.0,451.7,443.25,451.7,13950,10.71,719025,24734.15,25200.0
2025-09-29 11:30:00,429.25,435.0,420.0,426.0,10425,10.67,530850,24672.25,25100.0
2025-09-29 11:45:00,426.0,447.25,426.0,432.0,10950,10.74,530925,24665.85,25100.0
2025-09-29 12:00:00,433.35,459.5,432.75,459.5,7350,11.22,530175,24641.7,25100.0
2025-09-29 12:15:00,456.0,456.0,442.25,445.8,24150,11.07,531375,24658.55,25100.0
2025-09-29 12:30:00,447.25,465.0,430.3,448.8,15225,11.3,65700,24613.5,25050.0
2025-09-29 12:45:00,450.0,477.0,435.75,460.15,10950,11.18,527100,24640.05,25100.0
2025-09-29 13:00:00,461.55,488.7,439.0,466.3,4650,11.31,58950,24687.05,25150.0
2025-09-29 13:15:00,466.3,466.3,429.95,455.75,2025,11.31,58725,24701.35,25150.0
2025-09-29 13:30:00,455.75,455.75,441.0,444.95,600,10.6,58500,24689.5,25150.0
2025-09-29 13:45:00,444.95,456.0,440.25,440.3,18750,10.97,68175,24713.05,25150.0
2025-09-29 14:00:00,436.0,468.7,433.05,439.9,9450,11.23,75750,24723.85,25150.0
2025-09-29 14:15:00,435.95,473.85,430.9,437.15,13950,11.01,81750,24718.3,25150.0
2025-09-29 14:30:00,442.95,472.1,442.55,465.2,1950,11.34,82350,24688.75,25150.0
2025-09-29 14:45:00,465.2,477.75,462.0,462.0,2325,10.76,81075,24685.55,25150.0
2025-09-29 15:00:00,443.4,461.7,425.0,444.95,35325,10.52,507000,24639.65,25100.0
2025-09-29 15:15:00,446.8,469.2,440.3,469.2,16050,11.36,79050,24677.55,25150.0
2025-09-30 09:15:00,455.95,473.25,438.0,452.45,3375,11.58,508275,24670.25,25100.0
2025-09-30 09:30:00,452.0,482.0,449.65,459.3,10125,11.39,509700,24649.85,25100.0
2025-09-30 09:45:00,469.85,469.85,450.0,454.5,7725,11.46,514200,24659.95,25100.0
2025-09-30 10:00:00,452.65,483.3,450.0,474.0,5475,11.67,514575,24636.7,25100.0
2025-09-30 10:15:00,475.95,477.0,448.35,448.35,3900,11.58,96225,24624.0,25050.0
2025-09-30 10:30:00,448.35,484.8,448.35,459.55,750,11.92,95850,24620.95,25050.0
2025-09-30 10:45:00,459.55,483.55,458.0,479.65,8850,11.92,514725,24637.25,25100.0
2025-09-30 11:00:00,478.6,478.6,447.25,454.45,29250,11.63,498525,24666.9,25100.0
2025-09-30 11:15:00,454.15,483.35,442.25,463.5,10050,11.52,499050,24647.15,25100.0
2025-09-30 11:30:00,459.4,468.25,445.05,467.8,8475,11.55,498525,24642.05,25100.0
2025-09-30 11:45:00,468.0,480.5,461.75,478.8,10650,11.8,500025,24632.25,25100.0
2025-09-30 12:00:00,477.3,477.3,460.0,467.0,22200,11.63,517350,24646.2,25100.0
2025-09-30 12:15:00,465.0,475.1,443.05,451.35,27825,11.67,496725,24673.8,25100.0
2025-09-30 12:30:00,449.25,479.9,446.4,453.5,5175,11.48,497850,24662.05,25100.0
2025-09-30 12:45:00,455.55,463.2,455.55,460.0,2400,11.53,497325,24652.65,25100.0
2025-09-30 13:00:00,460.0,468.6,446.2,454.0,6300,11.55,499275,24664.95,25100.0
2025-09-30 13:15:00,450.75,483.95,450.25,465.4,19650,11.5,499050,24644.25,25100.0
2025-09-30 13:30:00,465.45,475.75,465.45,475.0,10725,11.7,513075,24637.8,25100.0
2025-09-30 13:45:00,475.0,477.6,466.0,470.25,2625,11.52,512100,24635.1,25100.0
2025-09-30 14:00:00,470.25,481.25,453.0,456.05,4950,11.88,102675,24623.9,25050.0
2025-09-30 14:15:00,456.05,500.0,451.75,451.75,1350,11.45,102375,24612.0,25050.0
2025-09-30 14:30:00,447.1,473.5,447.1,457.45,3750,11.2,513600,24640.3,25100.0
2025-09-30 14:45:00,450.0,467.25,419.0,448.0,13275,10.62,519300,24632.5,25100.0
2025-09-30 15:00:00,448.5,455.6,421.6,430.55,1500,10.66,102375,24614.85,25050.0
2025-09-30 15:15:00,430.55,453.2,421.1,452.8,2850,10.86,520425,24633.6,25100.0
2025-10-01 09:15:00,477.05,484.2,443.0,461.0,7650,11.58,520350,24655.3,25100.0
2025-10-01 09:30:00,452.3,478.25,444.0,478.25,3300,11.75,76650,24682.45,25150.0
2025-10-01 09:45:00,478.25,480.75,437.85,440.5,975,11.31,503250,24673.8,25100.0
2025-10-01 10:00:00,480.75,480.75,433.2,457.0,27525,11.59,501900,24659.95,25100.0
2025-10-01 10:15:00,457.0,461.45,445.55,449.25,6600,11.4,502125,24663.45,25100.0
2025-10-01 10:30:00,447.55,490.7,433.0,445.05,1650,11.19,501375,24662.75,25100.0
2025-10-01 10:45:00,452.35,473.0,442.55,466.2,1500,11.23,78225,24681.2,25150.0
2025-10-01 11:00:00,466.2,466.2,456.1,456.1,1050,11.41,78075,24702.2,25150.0
2025-10-01 11:15:00,437.5,464.15,424.85,427.95,6000,10.82,77700,24723.75,25150.0
2025-10-01 11:30:00,459.5,465.85,434.0,463.4,9300,10.99,65850,24776.0,25250.0
2025-10-01 11:45:00,458.45,459.0,422.0,446.95,1125,10.8,66225,24794.3,25250.0
2025-10-01 12:00:00,446.95,446.95,434.5,434.5,750,10.53,65625,24803.35,25250.0
2025-10-01 12:15:00,434.5,455.0,413.2,452.95,8025,10.61,65400,24777.2,25250.0
2025-10-01 12:30:00,452.0,461.95,416.05,430.05,4725,10.55,806400,24760.95,25200.0
2025-10-01 12:45:00,430.95,438.25,422.75,436.0,3075,10.62,805725,24753.5,25200.0
2025-10-01 13:00:00,438.75,441.0,428.0,428.8,4725,10.74,803925,24770.7,25200.0
2025-10-01 13:15:00,427.0,473.3,422.0,440.2,4050,10.36,68025,24787.1,25250.0
2025-10-01 13:30:00,440.2,440.2,440.2,440.2,0,10.19,68025,24781.4,25250.0
2025-10-01 13:45:00,440.2,458.0,419.5,458.0,2100,11.01,66075,24783.9,25250.0
2025-10-01 14:00:00,458.0,458.0,429.0,431.6,2175,10.19,67950,24795.2,25250.0
2025-10-01 14:15:00,438.9,457.25,424.15,454.4,1875,10.61,333300,24826.15,25300.0
2025-10-01 14:30:00,454.4,461.25,427.2,440.0,2100,10.65,333900,24849.3,25300.0
2025-10-01 14:45:00,440.6,446.65,415.95,441.15,6825,10.34,337800,24835.35,25300.0
2025-10-01 15:00:00,441.8,450.5,415.0,415.0,4950,10.24,66675,24822.5,25250.0
2025-10-01 15:15:00,443.8,445.5,429.35,429.6,21000,10.36,350250,24853.4,25300.0
2025-10-03 09:15:00,412.6,457.5,410.0,457.5,17325,10.88,66675,24779.5,25250.0
2025-10-03 09:30:00,415.75,460.1,414.3,442.0,88275,10.47,66600,24789.1,25250.0
2025-10-03 09:45:00,441.0,452.55,408.95,448.5,4125,10.5,358050,24828.55,25300.0
2025-10-03 10:00:00,415.05,440.6,415.05,440.6,19575,10.71,49425,24798.35,25250.0
2025-10-03 10:15:00,439.25,446.55,435.05,435.05,5475,10.83,44925,24812.6,25250.0
2025-10-03 10:30:00,435.05,437.45,424.05,437.45,1200,10.15,44775,24782.85,25250.0
2025-10-03 10:45:00,413.45,451.3,413.45,440.9,5325,10.53,44175,24791.3,25250.0
2025-10-03 11:00:00,437.65,439.25,433.95,439.15,825,11.08,44325,24815.6,25250.0
2025-10-03 11:15:00,422.45,453.0,417.45,419.1,2850,10.17,44175,24811.45,25250.0
2025-10-03 11:30:00,426.55,457.5,415.0,415.0,450,10.25,43875,24821.4,25250.0
2025-10-03 11:45:00,415.0,451.85,415.0,417.45,300,10.31,43650,24819.5,25250.0
2025-10-03 12:00:00,417.45,454.05,417.45,440.55,3600,10.45,352800,24840.4,25300.0
2025-10-03 12:15:00,445.9,461.5,408.75,417.95,150,10.45,44850,24824.75,25250.0
2025-10-03 12:30:00,453.95,453.95,417.95,419.0,675,10.47,44925,24824.4,25250.0
2025-10-03 12:45:00,418.95,450.3,413.95,447.95,825,10.43,351900,24826.2,25300.0
2025-10-03 13:00:00,411.3,445.5,411.3,437.0,7725,10.4,350700,24843.65,25300.0
2025-10-03 13:15:00,437.0,443.0,405.0,405.0,450,9.92,45675,24824.85,25250.0
2025-10-03 13:30:00,405.0,457.95,405.0,450.0,1575,10.52,345450,24828.25,25300.0
2025-10-03 13:45:00,450.0,450.0,405.0,444.0,975,10.33,345450,24829.85,25300.0
2025-10-03 14:00:00,444.0,446.75,408.05,408.05,225,9.62,45375,24809.05,25250.0
2025-10-03 14:15:00,408.05,453.0,408.05,453.0,150,10.69,345375,24828.9,25300.0
2025-10-03 14:30:00,453.0,453.0,413.4,443.05,6150,10.28,42750,24879.85,25350.0
2025-10-03 14:45:00,443.05,443.05,410.0,442.95,825,10.62,42675,24890.35,25350.0
2025-10-03 15:00:00,442.95,442.95,437.25,437.25,75,10.27,42600,24888.5,25350.0
2025-10-03 15:15:00,437.25,440.8,437.25,440.8,150,10.56,42600,24895.0,25350.0
2025-10-06 09:15:00,434.8,463.25,425.8,425.8,4050,10.11,43050,24901.85,25350.0
2025-10-06 09:30:00,425.8,465.0,425.8,443.25,3075,10.77,291075,24944.8,25400.0
2025-10-06 09:45:00,443.5,443.5,426.95,432.35,12225,10.6,289725,24953.6,25400.0
2025-10-06 10:00:00,432.35,436.0,420.0,420.0,4425,10.45,289425,24968.9,25400.0
2025-10-06 10:15:00,420.8,452.9,414.05,419.75,2400,10.36,289725,24966.3,25400.0
2025-10-06 10:30:00,424.6,452.9,415.55,452.9,300,10.62,12600,24976.6,25450.0
2025-10-06 10:45:00,452.9,454.45,415.7,454.45,3975,10.94,12675,24985.05,25450.0
2025-10-06 11:00:00,454.45,454.45,439.0,441.0,600,11.24,12750,25014.8,25450.0
2025-10-06 11:15:00,441.0,441.0,436.05,436.05,300,10.93,12750,25011.5,25450.0
2025-10-06 11:30:00,424.8,427.15,424.8,425.3,225,10.27,12975,25006.2,25450.0
2025-10-06 11:45:00,429.9,429.9,429.9,429.9,300,10.04,12975,24992.35,25450.0
2025-10-06 12:00:00,429.9,430.6,429.9,430.6,375,10.56,13050,25008.05,25450.0
2025-10-06 12:15:00,430.6,430.6,419.5,419.5,75,10.02,12975,25006.0,25450.0
2025-10-06 12:30:00,419.5,421.5,419.5,421.5,75,10.38,13050,25014.9,25450.0
2025-10-06 12:45:00,420.15,449.25,409.15,437.0,22725,10.28,1468650,25038.75,25500.0
2025-10-06 13:00:00,437.0,438.85,422.55,425.6,42225,10.36,1482525,25060.05,25500.0
2025-10-06 13:15:00,425.55,431.0,412.15,412.15,33750,10.01,1493100,25066.15,25500.0
2025-10-06 13:30:00,409.65,440.0,401.95,405.0,8475,9.86,1509825,25074.3,25500.0
2025-10-06 13:45:00,406.9,437.95,402.75,407.25,49200,9.95,1518300,25072.45,25500.0
2025-10-06 14:00:00,407.25,455.4,406.25,419.2,15075,10.11,1530150,25059.75,25500.0
2025-10-06 14:15:00,416.65,425.95,413.0,422.75,24150,9.55,1535625,25035.0,25500.0
2025-10-06 14:30:00,422.0,423.0,410.15,415.65,15450,10.18,1540500,25064.95,25500.0
2025-10-06 14:45:00,414.0,443.6,411.85,443.6,10275,10.4,24000,25083.8,25550.0
2025-10-06 15:00:00,443.6,443.6,399.5,401.0,3675,9.76,1543650,25074.5,25500.0
2025-10-06 15:15:00,435.65,435.65,395.0,408.6,12300,10.08,1553325,25072.55,25500.0
2025-10-07 09:15:00,458.4,458.95,452.8,452.8,1125,10.76,161025,25119.05,25550.0
2025-10-07 09:30:00,452.8,454.15,429.95,429.95,5550,10.14,163425,25146.05,25600.0
2025-10-07 09:45:00,430.0,446.25,404.75,443.65,4800,10.33,9675,25180.75,25650.0
2025-10-07 10:00:00,443.65,443.65,432.95,437.15,525,10.16,10125,25183.65,25650.0
2025-10-07 10:15:00,437.15,445.65,405.25,445.65,600,10.28,9675,25177.0,25650.0
2025-10-07 10:30:00,445.65,445.65,402.9,404.0,1050,9.73,171150,25170.2,25600.0
2025-10-07 10:45:00,404.0,418.95,404.0,418.95,2775,9.91,170400,25155.45,25600.0
2025-10-07 11:00:00,416.5,424.7,411.45,423.25,900,10.05,170325,25152.2,25600.0
2025-10-07 11:15:00,423.25,441.85,380.0,437.0,2475,10.11,170850,25133.8,25600.0
2025-10-07 11:30:00,437.3,442.9,410.0,415.0,1500,10.3,25575,25121.7,25550.0
2025-10-07 11:45:00,444.0,452.0,415.0,440.55,225,10.14,171750,25130.65,25600.0
2025-10-07 12:00:00,438.05,438.05,410.45,419.95,10050,9.99,174375,25154.3,25600.0
2025-10-07 12:15:00,418.9,430.75,414.2,414.55,3825,9.94,175350,25162.15,25600.0
2025-10-07 12:30:00,413.1,417.3,410.0,412.5,7800,10.04,175500,25167.65,25600.0
2025-10-07 12:45:00,410.65,446.75,404.0,404.0,4425,9.86,176175,25174.6,25600.0
2025-10-07 13:00:00,405.1,443.4,404.0,434.35,375,10.09,9375,25188.1,25650.0
2025-10-07 13:15:00,434.35,434.35,420.2,425.55,9300,9.95,15825,25196.9,25650.0
2025-10-07 13:30:00,425.55,429.65,398.95,414.15,4275,9.95,15825,25210.35,25650.0
2025-10-07 13:45:00,414.15,421.2,411.35,421.2,450,9.81,15900,25198.45,25650.0
2025-10-07 14:00:00,421.2,426.2,416.8,424.05,450,10.39,16050,25212.55,25650.0
2025-10-07 14:15:00,424.05,435.55,401.1,409.75,1725,9.46,195300,25153.25,25600.0
2025-10-07 14:30:00,409.7,433.7,403.4,421.95,4500,9.42,196575,25134.4,25600.0
2025-10-07 14:45:00,423.75,425.5,406.2,414.45,9600,9.21,197250,25137.35,25600.0
2025-10-07 15:00:00,416.4,426.4,380.0,400.35,2250,8.61,22875,25091.0,25550.0
2025-10-07 15:15:00,404.6,404.6,398.0,398.0,675,9.21,23400,25112.8,25550.0
2025-10-08 09:15:00,438.55,439.5,398.0,398.0,8550,9.37,201075,25176.6,25650.0
2025-10-08 09:30:00,398.0,406.7,396.75,405.45,1725,9.5,200925,25177.4,25650.0
2025-10-08 09:45:00,402.05,428.9,402.05,407.75,2925,9.74,200775,25165.0,25600.0
2025-10-08 10:00:00,411.75,427.95,411.75,426.6,7200,10.13,200400,25149.55,25600.0
2025-10-08 10:15:00,426.95,443.0,384.2,431.3,1425,9.79,200550,25132.15,25600.0
2025-10-08 10:30:00,404.0,449.05,404.0,442.0,1650,10.08,201075,25125.9,25600.0
2025-10-08 10:45:00,399.85,445.1,399.85,445.1,225,10.71,23175,25089.55,25550.0
2025-10-08 11:00:00,445.1,445.1,401.5,437.55,58875,10.44,1565850,25042.65,25500.0
2025-10-08 11:15:00,439.45,460.0,431.25,439.0,67950,10.29,1561575,25036.4,25500.0
2025-10-08 11:30:00,441.9,447.6,427.9,441.0,63075,10.48,1572225,25038.3,25500.0
2025-10-08 11:45:00,441.95,445.95,418.8,431.25,24825,10.45,1551750,25051.05,25500.0
2025-10-08 12:00:00,431.0,450.25,431.0,431.95,34125,10.48,1540050,25051.1,25500.0
2025-10-08 12:15:00,433.5,462.85,420.0,454.75,21450,10.73,1537650,25025.8,25500.0
2025-10-08 12:30:00,420.0,458.0,420.0,440.0,15975,10.48,1534800,25040.25,25500.0
2025-10-08 12:45:00,437.0,451.2,405.55,451.2,39825,10.92,22875,25086.0,25550.0
2025-10-08 13:00:00,451.2,451.2,410.0,449.8,8700,11.19,22950,25098.05,25550.0
2025-10-08 13:15:00,449.8,449.8,421.25,430.5,1050,10.09,23400,25092.65,25550.0
2025-10-08 13:30:00,430.5,446.5,410.65,415.25,600,10.25,23775,25117.3,25550.0
2025-10-08 13:45:00,452.25,452.25,402.8,442.25,2175,10.17,196125,25127.85,25600.0
2025-10-08 14:00:00,440.3,444.85,387.8,410.0,63075,10.16,1528650,25070.3,25500.0
2025-10-08 14:15:00,410.0,458.85,408.75,421.75,41400,10.41,1532475,25063.15,25500.0
2025-10-08 14:30:00,423.0,471.25,413.3,422.9,17175,10.68,1524000,25068.4,25500.0
2025-10-08 14:45:00,423.45,462.3,420.0,435.5,29700,10.92,1518000,25061.7,25500.0
2025-10-08 15:00:00,440.2,456.7,430.75,452.75,48600,10.97,1509375,25036.4,25500.0
2025-10-08 15:15:00,451.7,451.7,404.5,404.5,39525,9.92,17250,25023.8,25450.0
2025-10-09 09:15:00,417.1,435.25,417.1,432.0,17550,10.79,1512000,25108.1,25550.0
2025-10-09 09:30:00,432.0,441.0,402.15,412.0,7125,10.05,1605450,25068.0,25500.0
2025-10-09 09:45:00,413.0,445.0,409.5,426.25,39300,10.14,1591275,25048.6,25500.0
2025-10-09 10:00:00,428.0,438.7,415.0,425.0,19875,9.81,1587450,25041.8,25500.0
2025-10-09 10:15:00,426.5,440.0,394.75,440.0,22500,10.14,23475,25078.45,25550.0
2025-10-09 10:30:00,440.0,440.0,415.1,415.1,225,9.65,23475,25100.25,25550.0
2025-10-09 10:45:00,415.1,418.65,411.05,411.05,225,9.61,23400,25102.55,25550.0
2025-10-09 11:00:00,411.05,434.0,394.85,404.15,6150,9.16,197625,25152.55,25600.0
2025-10-09 11:15:00,404.95,417.3,404.95,410.75,3075,9.27,194250,25147.55,25600.0
2025-10-09 11:30:00,405.0,407.45,386.3,401.5,4350,9.15,193875,25154.4,25600.0
2025-10-09 11:45:00,402.25,440.6,391.3,411.0,2325,8.9,192975,25136.65,25600.0
2025-10-09 12:00:00,408.2,423.0,367.35,422.15,675,9.6,192900,25140.0,25600.0
2025-10-09 12:15:00,402.25,409.2,396.15,407.1,1275,8.97,193125,25144.75,25600.0
2025-10-09 12:30:00,407.1,415.9,382.4,415.9,750,9.19,192900,25138.3,25600.0
2025-10-09 12:45:00,420.0,420.0,409.7,417.0,750,9.19,192975,25134.6,25600.0
2025-10-09 13:00:00,424.0,424.0,385.45,420.3,375,9.27,192750,25132.95,25600.0
2025-10-09 13:15:00,420.3,420.3,405.9,405.9,150,9.03,192750,25147.3,25600.0
2025-10-09 13:30:00,403.55,409.0,398.0,405.05,975,9.19,193200,25151.3,25600.0
2025-10-09 13:45:00,405.05,408.5,396.2,397.0,1050,9.35,193275,25164.8,25600.0
2025-10-09 14:00:00,391.65,430.0,390.85,410.5,1875,8.95,192525,25140.25,25600.0
2025-10-09 14:15:00,414.75,434.25,396.0,430.8,1875,9.92,191550,25137.55,25600.0
2025-10-09 14:30:00,423.25,425.45,410.75,412.1,1350,9.61,191175,25153.55,25600.0
2025-10-09 14:45:00,412.6,413.7,400.2,400.2,1125,9.68,190725,25170.05,25600.0
2025-10-09 15:00:00,435.0,437.6,391.55,437.6,1050,9.92,19725,25177.7,25650.0
2025-10-09 15:15:00,437.6,437.6,390.0,390.0,825,8.64,189900,25170.3,25600.0
2025-10-10 09:15:00,398.2,433.0,385.2,418.85,4875,9.09,152100,25231.7,25700.0
2025-10-10 09:30:00,416.0,417.4,392.55,392.55,15825,9.12,159075,25268.1,25700.0
2025-10-10 09:45:00,426.75,450.45,382.15,389.0,9525,8.85,165450,25266.4,25700.0
2025-10-10 10:00:00,386.85,422.55,378.0,386.7,5925,8.58,167175,25262.45,25700.0
2025-10-10 10:15:00,385.0,416.0,376.4,415.95,1575,8.66,10275,25276.2,25750.0
2025-10-10 10:30:00,415.95,415.95,369.9,386.0,3000,8.64,175050,25258.7,25700.0
2025-10-10 10:45:00,383.25,422.15,374.55,422.15,1275,9.8,10425,25297.0,25750.0
2025-10-10 11:00:00,392.05,392.05,384.55,390.0,750,8.64,10950,25309.95,25750.0
2025-10-10 11:15:00,390.0,390.0,383.2,387.85,375,7.32,10725,25282.55,25750.0
2025-10-10 11:30:00,387.85,394.3,387.85,394.3,75,7.77,10725,25284.35,25750.0
2025-10-10 11:45:00,394.3,396.25,394.3,396.25,75,7.82,10725,25277.65,25750.0
2025-10-10 12:00:00,396.25,398.65,396.25,398.65,150,8.15,10650,25286.3,25750.0
2025-10-10 12:15:00,398.65,398.65,385.4,385.4,75,7.12,10650,25282.85,25750.0
2025-10-10 12:30:00,385.4,389.05,385.4,387.85,150,8.29,10725,25303.75,25750.0
2025-10-10 12:45:00,387.85,387.85,373.7,378.0,675,8.11,10950,25313.9,25750.0
2025-10-10 13:00:00,378.0,378.0,378.0,378.0,0,7.77,10950,25306.2,25750.0
2025-10-10 13:15:00,378.0,378.0,378.0,378.0,0,7.76,10950,25303.9,25750.0
2025-10-10 13:30:00,378.0,403.0,365.65,373.45,900,7.99,10425,25316.25,25750.0
2025-10-10 13:45:00,373.45,373.45,367.3,372.5,2550,7.41,10200,25304.95,25750.0
2025-10-10 14:00:00,376.55,381.5,375.9,381.35,1125,7.96,11925,25305.8,25750.0
2025-10-10 14:15:00,381.35,381.5,379.85,381.5,300,8.17,11700,25308.3,25750.0
2025-10-10 14:30:00,381.5,386.4,379.95,384.4,975,8.15,11700,25305.55,25750.0
2025-10-10 14:45:00,384.4,389.9,353.3,389.9,2250,8.42,11775,25304.35,25750.0
2025-10-10 15:00:00,389.9,398.35,389.9,391.4,450,7.59,13275,25284.2,25750.0
2025-10-10 15:15:00,391.4,397.45,389.7,397.45,3300,7.76,12000,25278.2,25750.0
2025-10-13 09:15:00,372.55,418.75,372.55,418.75,1275,9.61,19350,25196.45,25650.0
2025-10-13 09:30:00,430.6,457.7,400.25,422.45,37800,10.71,19650,25216.25,25650.0
2025-10-13 09:45:00,422.45,448.05,407.05,426.45,900,10.17,19350,25198.0,25650.0
2025-10-13 10:00:00,426.45,435.55,426.45,428.05,150,10.28,19350,25199.25,25650.0
2025-10-13 10:15:00,428.05,433.75,428.05,433.75,75,11.0,19275,25206.3,25650.0
2025-10-13 10:30:00,425.9,425.9,413.9,413.9,375,9.77,19050,25206.2,25650.0
2025-10-13 10:45:00,413.9,444.0,413.9,444.0,375,10.86,18825,25191.6,25650.0
2025-10-13 11:00:00,444.0,447.25,444.0,447.25,750,11.04,18675,25191.4,25650.0
2025-10-13 11:15:00,447.25,456.85,416.5,456.85,30525,11.24,18900,25181.8,25650.0
2025-10-13 11:30:00,456.85,456.85,414.0,456.85,75,11.1,18900,25179.45,25650.0
2025-10-13 11:45:00,456.85,456.85,445.95,445.95,75,11.36,18600,25198.7,25650.0
2025-10-13 12:00:00,428.95,444.3,428.95,442.55,750,10.63,18525,25189.65,25650.0
2025-10-13 12:15:00,442.55,442.75,439.9,439.9,150,10.62,18525,25191.0,25650.0
2025-10-13 12:30:00,439.9,439.9,439.9,439.9,0,11.19,18525,25205.75,25650.0
2025-10-13 12:45:00,439.9,439.9,439.9,439.9,0,11.32,18525,25207.7,25650.0
2025-10-13 13:00:00,439.9,439.9,396.75,439.9,0,11.44,18525,25210.0,25650.0
2025-10-13 13:15:00,439.9,439.9,439.9,439.9,0,10.51,18525,25187.75,25650.0
2025-10-13 13:30:00,448.9,448.9,440.35,441.3,900,11.03,18525,25198.25,25650.0
2025-10-13 13:45:00,441.3,441.3,441.3,441.3,0,10.58,18525,25185.65,25650.0
2025-10-13 14:00:00,441.3,441.3,415.0,415.0,75,9.99,18600,25207.5,25650.0
2025-10-13 14:15:00,415.0,448.0,415.0,421.5,2925,10.0,213600,25251.4,25700.0
2025-10-13 14:30:00,421.5,436.2,420.0,427.0,2850,10.14,213150,25245.85,25700.0
2025-10-13 14:45:00,424.25,434.25,424.25,432.5,4275,10.57,215475,25249.2,25700.0
2025-10-13 15:00:00,435.0,446.0,408.35,408.7,2475,10.13,19575,25220.45,25650.0
2025-10-13 15:15:00,443.0,443.0,429.25,432.3,12450,10.07,221100,25237.15,25700.0
2025-10-14 09:15:00,440.0,441.55,440.0,441.55,225,10.8,13875,25292.2,25750.0
2025-10-14 09:30:00,441.55,441.55,405.3,433.75,4425,10.2,225150,25236.85,25700.0
2025-10-14 09:45:00,431.0,440.0,400.95,402.45,2775,9.08,20550,25207.55,25650.0
2025-10-14 10:00:00,402.9,443.2,402.9,429.9,600,10.26,21000,25196.7,25650.0
2025-10-14 10:15:00,438.95,449.0,411.0,434.65,3450,11.16,21225,25210.45,25650.0
2025-10-14 10:30:00,434.65,434.65,434.65,434.65,0,11.55,21225,25219.05,25650.0
2025-10-14 10:45:00,434.65,450.85,431.5,431.5,150,10.65,21225,25201.65,25650.0
2025-10-14 11:00:00,431.5,450.9,412.1,416.0,8100,10.7,274200,25174.0,25600.0
2025-10-14 11:15:00,418.25,467.2,418.25,452.3,15675,11.22,274950,25141.55,25600.0
2025-10-14 11:30:00,456.45,468.25,436.4,446.0,10800,11.28,274200,25144.85,25600.0
2025-10-14 11:45:00,452.2,457.15,433.0,437.0,3675,11.19,274350,25155.5,25600.0
2025-10-14 12:00:00,436.55,450.0,417.7,437.65,1575,11.77,40800,25118.35,25550.0
2025-10-14 12:15:00,437.65,469.5,437.65,460.6,1500,11.89,40575,25090.35,25550.0
2025-10-14 12:30:00,460.6,460.6,426.0,432.55,10575,11.43,2196300,25066.3,25500.0
2025-10-14 12:45:00,470.1,470.1,454.45,456.15,750,11.93,40800,25098.1,25550.0
2025-10-14 13:00:00,456.15,467.6,428.4,467.6,23625,12.08,40800,25084.05,25550.0
2025-10-14 13:15:00,467.6,467.6,457.9,457.9,75,12.21,40800,25100.9,25550.0
2025-10-14 13:30:00,457.9,477.8,426.6,426.6,1650,11.31,40350,25121.8,25550.0
2025-10-14 13:45:00,426.6,479.8,426.6,434.35,750,11.73,40800,25123.05,25550.0
2025-10-14 14:00:00,468.0,468.0,423.0,428.2,2700,11.45,40725,25122.75,25550.0
2025-10-14 14:15:00,466.3,469.35,428.2,440.0,7350,10.91,271125,25145.3,25600.0
2025-10-14 14:30:00,441.0,471.25,406.05,460.0,11775,11.35,22200,25178.65,25650.0
2025-10-14 14:45:00,460.0,460.0,418.55,460.0,7950,11.21,22200,25177.5,25650.0
2025-10-14 15:00:00,425.0,446.7,423.0,445.0,2850,11.21,274650,25144.8,25600.0
2025-10-14 15:15:00,440.8,456.05,410.0,423.0,7125,10.96,41625,25116.55,25550.0
2025-10-15 09:15:00,390.05,413.6,370.45,394.0,12675,8.23,232500,25252.65,25700.0
2025-10-15 09:30:00,387.05,422.65,374.0,374.0,9525,8.02,21450,25224.7,25650.0
2025-10-15 09:45:00,416.0,428.0,375.35,393.2,1050,8.92,21750,25216.55,25650.0
2025-10-15 10:00:00,382.5,421.0,382.5,394.0,2400,8.05,232275,25251.25,25700.0
2025-10-15 10:15:00,390.1,411.3,368.55,371.0,21225,7.77,238650,25273.65,25700.0
2025-10-15 10:30:00,411.3,411.3,393.0,393.0,900,7.37,15225,25292.05,25750.0
2025-10-15 10:45:00,393.0,410.45,393.0,405.0,450,9.7,15300,25315.95,25750.0
2025-10-15 11:00:00,405.0,405.0,391.0,396.0,150,7.65,15375,25292.6,25750.0
2025-10-15 11:15:00,396.0,396.0,367.7,373.5,225,7.73,15300,25319.25,25750.0
2025-10-15 11:30:00,373.5,384.9,373.5,376.0,975,6.79,15300,25304.85,25750.0
2025-10-15 11:45:00,376.0,390.0,376.0,390.0,225,8.18,15600,25306.95,25750.0
2025-10-15 12:00:00,390.0,390.0,386.15,386.15,150,6.45,15450,25288.25,25750.0
2025-10-15 12:15:00,386.15,386.15,386.15,386.15,0,7.86,15450,25307.0,25750.0
2025-10-15 12:30:00,386.15,386.15,384.7,384.7,75,8.46,15450,25319.85,25750.0
2025-10-15 12:45:00,384.7,413.55,373.9,404.0,2625,7.53,287625,25331.05,25800.0
2025-10-15 13:00:00,405.5,409.75,402.7,405.8,16200,7.3,287700,25325.5,25800.0
2025-10-15 13:15:00,405.25,405.45,383.0,384.1,45525,7.15,294150,25349.0,25800.0
2025-10-15 13:30:00,388.15,391.0,378.3,390.2,37125,7.66,294450,25350.25,25800.0
2025-10-15 13:45:00,390.2,412.15,388.45,410.0,64725,8.23,277875,25334.7,25800.0
2025-10-15 14:00:00,411.2,417.0,370.65,411.45,12525,7.88,275850,25326.9,25800.0
2025-10-15 14:15:00,410.9,414.5,371.1,406.3,8025,7.84,272550,25333.75,25800.0
2025-10-15 14:30:00,408.45,413.0,365.2,405.5,10650,7.63,273675,25330.5,25800.0
2025-10-15 14:45:00,407.05,411.45,365.45,375.0,1575,7.51,15225,25316.0,25750.0
2025-10-15 15:00:00,385.2,412.95,374.8,406.8,7125,7.57,267000,25327.95,25800.0
2025-10-15 15:15:00,410.75,412.1,403.05,404.4,40350,6.93,259800,25327.75,25800.0
2025-10-16 09:15:00,393.9,412.0,369.0,369.0,1125,7.44,8400,25424.2,25850.0
2025-10-16 09:30:00,369.0,427.05,369.0,412.65,3075,8.19,41025,25431.4,25900.0
2025-10-16 09:45:00,410.4,411.8,398.0,411.8,3150,8.3,42150,25434.55,25900.0
2025-10-16 10:00:00,411.8,419.25,372.5,382.4,825,8.48,8550,25423.45,25850.0
2025-10-16 10:15:00,382.4,419.2,382.4,400.8,3375,8.55,41850,25453.25,25900.0
2025-10-16 10:30:00,401.8,401.8,393.0,394.6,2175,8.45,42375,25458.95,25900.0
2025-10-16 10:45:00,390.05,395.45,387.0,388.4,6000,8.54,45150,25467.5,25900.0
2025-10-16 11:00:00,387.0,390.0,384.15,388.0,2700,8.05,46800,25462.25,25900.0
2025-10-16 11:15:00,390.5,391.6,387.65,388.55,1350,8.12,47025,25459.65,25900.0
2025-10-16 11:30:00,388.55,393.25,387.15,393.25,675,7.48,47250,25447.1,25900.0
2025-10-16 11:45:00,396.15,399.9,385.75,388.05,2400,7.39,46950,25451.35,25900.0
2025-10-16 12:00:00,388.05,388.05,375.6,375.6,1275,7.7,48075,25477.0,25950.0
2025-10-16 12:15:00,375.6,400.75,375.6,394.55,225,7.72,3900,25496.0,25950.0
2025-10-16 12:30:00,388.0,391.4,382.55,388.65,900,7.79,4500,25506.65,25950.0
2025-10-16 12:45:00,388.65,388.65,388.65,388.65,0,7.56,4500,25503.85,25950.0
2025-10-16 13:00:00,388.65,388.65,377.45,377.8,375,8.08,4350,25524.0,25950.0
2025-10-16 13:15:00,375.75,422.05,375.75,378.8,19575,8.27,4500,25524.85,25950.0
2025-10-16 13:30:00,378.8,422.2,372.45,406.3,55575,8.11,1286025,25539.5,26000.0
2025-10-16 13:45:00,406.1,411.2,403.8,407.0,28350,8.17,1290450,25540.0,26000.0
2025-10-16 14:00:00,408.15,408.15,375.7,384.95,106500,7.32,1329075,25551.85,26000.0
2025-10-16 14:15:00,382.95,419.05,382.0,419.05,29325,8.69,2625,25582.8,26050.0
2025-10-16 14:30:00,419.05,419.05,403.15,403.15,375,9.03,3150,25607.85,26050.0
2025-10-16 14:45:00,400.45,418.65,399.3,399.3,1500,9.53,2775,25621.0,26050.0
2025-10-16 15:00:00,399.3,429.05,386.25,392.0,15975,8.81,1338750,25568.55,26000.0
2025-10-16 15:15:00,392.0,433.7,386.0,394.0,49725,8.88,1316025,25566.3,26000.0
2025-10-17 09:15:00,414.0,448.25,409.0,448.25,71550,12.09,2025,25604.4,26050.0
2025-10-17 09:30:00,419.5,422.35,407.9,407.9,900,10.0,1575,25618.9,26050.0
2025-10-17 09:45:00,407.5,448.75,407.45,423.4,18000,10.29,1800,25603.2,26050.0
2025-10-17 10:00:00,418.25,457.8,403.8,407.5,7725,10.0,30150,25670.15,26100.0
2025-10-17 10:15:00,407.6,451.0,402.95,451.0,4500,10.68,3450,25676.1,26150.0
2025-10-17 10:30:00,451.0,451.0,437.3,446.15,1650,11.1,3300,25689.7,26150.0
2025-10-17 10:45:00,446.15,446.8,417.0,440.15,2325,9.95,100050,25727.75,26200.0
2025-10-17 11:00:00,440.0,441.95,417.25,419.95,13200,9.81,101700,25750.65,26200.0
2025-10-17 11:15:00,422.45,423.7,402.85,402.85,3825,9.48,101850,25766.4,26200.0
2025-10-17 11:30:00,405.55,435.0,393.7,424.5,12900,9.65,102375,25743.35,26200.0
2025-10-17 11:45:00,424.5,442.5,401.95,422.25,6900,10.17,101850,25754.85,26200.0
2025-10-17 12:00:00,419.55,425.3,412.0,412.0,3075,9.86,101625,25760.6,26200.0
2025-10-17 12:15:00,412.0,456.9,408.65,456.9,3375,11.25,7725,25776.75,26250.0
2025-10-17 12:30:00,407.3,451.95,405.9,436.8,10800,11.12,107175,25756.4,26200.0
2025-10-17 12:45:00,437.25,451.05,421.0,441.55,6600,11.46,5100,25701.2,26150.0
2025-10-17 13:00:00,441.55,480.35,408.0,427.5,35400,11.32,168975,25668.75,26100.0
2025-10-17 13:15:00,428.35,462.15,414.1,448.45,1800,10.73,4725,25677.35,26150.0
2025-10-17 13:30:00,409.5,465.35,408.25,442.9,53925,12.05,135300,25663.2,26100.0
2025-10-17 13:45:00,442.2,465.0,420.0,420.0,13650,11.34,131550,25673.9,26100.0
2025-10-17 14:00:00,499.85,499.85,422.65,445.6,1575,10.58,5100,25682.1,26150.0
2025-10-17 14:15:00,409.75,445.6,408.45,432.65,450,9.51,5100,25679.5,26150.0
2025-10-17 14:30:00,432.65,445.1,408.0,438.0,5175,9.94,113475,25731.1,26200.0
2025-10-17 14:45:00,433.0,452.95,393.65,451.5,18300,10.54,120300,25725.1,26200.0
2025-10-17 15:00:00,410.2,431.2,410.2,412.95,1350,9.7,5925,25708.35,26150.0
2025-10-17 15:15:00,415.35,433.35,413.2,432.35,1800,10.5,5475,25704.7,26150.0
2025-10-20 09:15:00,429.1,480.65,395.05,480.65,22200,13.65,5100,25878.65,26350.0
2025-10-20 09:30:00,396.0,480.65,396.0,441.55,20325,11.01,107100,25840.9,26300.0
2025-10-20 09:45:00,439.05,468.55,400.0,428.75,4275,11.0,9300,25808.55,26250.0
2025-10-20 10:00:00,425.0,459.2,418.05,429.6,13575,11.27,105825,25856.55,26300.0
2025-10-20 10:15:00,428.95,457.95,425.45,449.75,9975,11.25,104775,25832.9,26300.0
2025-10-20 10:30:00,420.4,458.0,417.1,417.1,5400,10.43,105675,25862.75,26300.0
2025-10-20 10:45:00,417.1,453.35,406.35,453.35,1875,11.42,5100,25881.0,26350.0
2025-10-20 11:00:00,453.35,453.35,410.85,417.7,1050,11.35,108375,25873.8,26300.0
2025-10-20 11:15:00,410.05,454.25,408.15,426.7,5025,10.83,108075,25854.9,26300.0
2025-10-20 11:30:00,426.7,446.6,406.0,441.0,1725,11.22,108300,25842.5,26300.0
2025-10-20 11:45:00,441.0,452.0,432.7,436.0,2100,10.77,108525,25843.35,26300.0
2025-10-20 12:00:00,436.75,440.75,426.8,426.8,3000,10.6,107700,25855.25,26300.0
2025-10-20 12:15:00,423.0,440.0,418.0,423.35,4050,9.82,107250,25849.0,26300.0
2025-10-20 12:30:00,424.1,432.0,405.0,405.0,4875,9.79,107775,25868.7,26300.0
2025-10-20 12:45:00,405.0,449.9,405.0,449.9,450,11.39,3525,25885.35,26350.0
2025-10-20 13:00:00,449.9,449.9,420.0,428.0,2250,10.28,3525,25898.4,26350.0
2025-10-20 13:15:00,428.0,428.0,428.0,428.0,0,9.66,3525,25888.15,26350.0
2025-10-20 13:30:00,428.0,428.0,404.35,428.0,1575,8.11,3525,25876.7,26350.0
2025-10-20 13:45:00,428.0,431.0,406.0,419.75,22500,9.98,118500,25854.4,26300.0
2025-10-20 14:00:00,417.2,426.95,414.95,414.95,13425,10.18,119175,25861.05,26300.0
2025-10-20 14:15:00,466.25,466.25,395.15,404.4,27825,9.31,15450,25817.15,26250.0
2025-10-20 14:30:00,399.4,433.3,387.0,394.25,2400,8.17,15525,25817.35,26250.0
2025-10-20 14:45:00,400.0,433.0,381.0,381.0,4950,7.28,15825,25821.65,26250.0
2025-10-20 15:00:00,390.9,424.95,376.3,402.25,15375,6.71,112350,25846.3,26300.0
2025-10-20 15:15:00,400.05,402.35,391.05,391.05,20250,4.47,115575,25847.05,26300.0
2025-10-21 13:45:00,413.0,448.15,413.0,434.45,16500,10.58,8550,25893.65,26350.0
2025-10-21 14:00:00,436.9,436.9,425.0,429.0,5550,10.31,9675,25896.9,26350.0
2025-10-21 14:15:00,429.0,443.1,395.15,400.0,2850,9.61,136275,25874.75,26300.0
2025-10-21 14:30:00,402.2,441.8,389.0,441.8,43950,9.67,137925,25833.3,26300.0
2025-10-21 14:45:00,441.8,441.8,441.8,441.8,0,9.67,137925,25833.3,26300.0
2025-10-21 15:00:00,441.8,441.8,441.8,441.8,0,9.67,137925,25833.3,26300.0
2025-10-21 15:15:00,441.8,441.8,441.8,441.8,0,9.67,137925,25833.3,26300.0
2025-10-23 09:15:00,363.8,428.55,358.05,383.15,347775,0.0,981900,26053.1,26500.0
2025-10-23 09:30:00,382.7,414.1,359.05,370.85,78600,0.0,1022175,26074.3,26500.0
2025-10-23 09:45:00,411.7,418.6,367.25,386.55,219525,0.0,977850,26058.9,26500.0
2025-10-23 10:00:00,385.0,419.35,372.15,404.85,44550,0.0,8925,26095.9,26550.0
2025-10-23 10:15:00,404.85,415.6,372.1,379.5,24225,0.0,964050,26073.4,26500.0
2025-10-23 10:30:00,380.0,418.6,371.6,376.5,49650,0.0,948225,26071.4,26500.0
2025-10-23 10:45:00,376.35,393.9,376.1,379.5,89250,0.0,942750,26063.4,26500.0
2025-10-23 11:00:00,377.35,403.5,370.9,381.15,118125,0.0,934125,26058.0,26500.0
2025-10-23 11:15:00,382.45,396.9,380.0,390.45,63600,0.0,932100,26047.0,26500.0
2025-10-23 11:30:00,389.55,396.55,373.65,376.7,57000,0.0,932550,26056.55,26500.0
2025-10-23 11:45:00,375.55,406.0,355.75,405.9,57450,0.0,11400,26082.55,26550.0
2025-10-23 12:00:00,398.55,401.55,354.7,400.5,42375,0.0,11625,26077.1,26550.0
2025-10-23 12:15:00,398.0,403.95,358.0,392.6,8475,0.0,13200,26086.15,26550.0
2025-10-23 12:30:00,390.0,398.3,388.0,395.4,3975,0.0,13950,26088.15,26550.0
2025-10-23 12:45:00,398.8,420.0,366.55,381.9,65775,0.0,918450,26057.4,26500.0
2025-10-23 13:00:00,382.0,394.7,377.75,385.0,81525,0.0,915450,26059.6,26500.0
2025-10-23 13:15:00,385.5,421.55,372.65,388.8,38625,0.0,913350,26047.7,26500.0
2025-10-23 13:30:00,389.8,427.65,368.35,417.25,158475,0.0,903150,26026.5,26500.0
2025-10-23 13:45:00,371.7,419.3,366.6,410.25,26625,0.0,27750,25990.0,26450.0
2025-10-23 14:00:00,409.4,420.2,364.6,378.65,64350,0.0,343950,25958.55,26400.0
2025-10-23 14:15:00,378.8,405.0,373.55,393.55,186150,0.0,368925,25943.05,26400.0
2025-10-23 14:30:00,394.2,412.0,365.6,392.0,142875,0.0,25875,25980.95,26450.0
2025-10-23 14:45:00,390.0,400.25,351.8,375.75,73125,0.0,447375,25951.1,26400.0
2025-10-23 15:00:00,371.95,411.45,348.0,369.6,171225,0.0,782700,25865.35,26300.0
2025-10-23 15:15:00,370.75,401.65,343.6,362.9,149925,0.0,728400,25870.3,26300.0
2025-10-24 09:15:00,371.9,432.4,354.05,404.15,221850,0.0,69000,25886.4,26350.0
2025-10-24 09:30:00,413.4,429.45,356.3,386.0,32850,0.0,69075,25903.5,26350.0
2025-10-24 09:45:00,394.0,430.0,361.15,399.35,83100,0.0,70500,25893.1,26350.0
2025-10-24 10:00:00,403.35,430.05,395.5,430.05,7650,0.0,70950,25876.2,26350.0
2025-10-24 10:15:00,381.8,442.2,380.1,439.9,307200,0.0,822000,25826.95,26300.0
2025-10-24 10:30:00,397.3,445.0,388.05,402.0,104175,7.65,164400,25819.8,26250.0
2025-10-24 10:45:00,402.4,453.4,391.0,445.05,49350,6.41,843225,25825.05,26300.0
2025-10-24 11:00:00,444.75,459.65,400.0,441.2,89625,6.22,842325,25827.3,26300.0
2025-10-24 11:15:00,443.45,455.0,397.0,413.5,15675,0.0,155625,25801.85,26250.0
2025-10-24 11:30:00,414.2,438.05,381.95,415.0,48750,0.0,816600,25837.1,26300.0
2025-10-24 11:45:00,416.25,425.45,376.9,376.9,60300,0.0,140475,25821.8,26250.0
2025-10-24 12:00:00,380.0,429.6,372.0,405.55,57825,0.0,739125,25850.45,26300.0
2025-10-24 12:15:00,402.9,424.75,382.15,412.2,63150,0.0,741600,25843.55,26300.0
2025-10-24 12:30:00,415.0,433.65,408.7,415.4,65400,0.0,735300,25842.45,26300.0
2025-10-24 12:45:00,416.05,435.25,384.65,409.5,71550,6.93,135150,25810.7,26250.0
2025-10-24 13:00:00,411.75,455.35,397.6,450.55,31575,10.62,659025,25825.95,26300.0
2025-10-24 13:15:00,447.3,459.1,382.0,415.95,103500,11.89,1301250,25771.5,26200.0
2025-10-24 13:30:00,465.1,465.95,409.75,415.3,442200,12.19,477000,25724.4,26150.0
2025-10-24 13:45:00,464.3,481.6,444.0,450.45,166650,13.03,1150125,25739.6,26200.0
2025-10-24 14:00:00,448.55,455.7,417.6,430.55,127350,12.05,1117050,25755.4,26200.0
2025-10-24 14:15:00,426.1,457.85,406.2,457.85,101850,11.97,113400,25775.6,26250.0
2025-10-24 14:30:00,413.35,465.0,410.85,430.65,138675,11.34,1099650,25752.5,26200.0
2025-10-24 14:45:00,432.05,446.8,418.65,437.65,119625,11.73,1089525,25744.1,26200.0
2025-10-24 15:00:00,435.0,458.7,408.8,443.65,74775,13.08,99450,25799.5,26250.0
2025-10-24 15:15:00,441.85,460.55,440.2,445.15,20475,13.08,93450,25797.45,26250.0
2025-10-27 09:15:00,417.45,433.55,361.65,404.3,103875,0.0,45150,25889.05,26350.0
2025-10-27 09:30:00,405.95,416.6,367.55,400.7,39225,0.0,235725,25937.2,26400.0
2025-10-27 09:45:00,402.85,413.9,395.0,402.9,25050,0.0,231375,25935.85,26400.0
2025-10-27 10:00:00,405.1,417.9,359.1,371.95,46725,0.0,231900,25961.85,26400.0
2025-10-27 10:15:00,370.0,414.95,359.5,372.4,35025,0.0,226875,25970.25,26400.0
2025-10-27 10:30:00,375.0,391.4,367.65,377.35,42075,0.0,213000,25963.5,26400.0
2025-10-27 10:45:00,379.25,395.0,373.35,373.9,21225,0.0,210675,25966.45,26400.0
2025-10-27 11:00:00,417.6,418.45,356.4,417.1,15225,0.0,16125,25976.3,26450.0
2025-10-27 11:15:00,368.0,421.9,366.2,421.35,12000,0.0,17325,25977.85,26450.0
2025-10-27 11:30:00,375.0,428.9,372.55,397.0,20700,0.0,210600,25957.25,26400.0
2025-10-27 11:45:00,401.4,421.35,374.0,398.35,30000,0.0,15675,25994.9,26450.0
2025-10-27 12:00:00,399.9,411.8,395.0,400.05,11625,0.0,18525,25996.25,26450.0
2025-10-27 12:15:00,396.8,416.05,370.95,383.6,14700,0.0,208950,25968.9,26400.0
2025-10-27 12:30:00,381.3,435.1,375.9,379.8,47475,0.0,206175,25974.3,26400.0
2025-10-27 12:45:00,381.75,435.0,370.45,387.1,34875,0.0,204375,25974.4,26400.0
2025-10-27 13:00:00,432.6,432.6,384.55,392.4,18225,0.0,207525,25970.6,26400.0
2025-10-27 13:15:00,393.0,448.85,375.0,423.25,63225,0.0,194400,25939.55,26400.0
2025-10-27 13:30:00,433.15,441.6,383.95,415.0,20025,0.0,196650,25944.65,26400.0
2025-10-27 13:45:00,417.0,427.05,390.0,400.4,21075,0.0,193575,25954.25,26400.0
2025-10-27 14:00:00,398.3,430.0,394.1,427.0,25650,0.0,192375,25938.5,26400.0
2025-10-27 14:15:00,420.3,451.45,383.25,427.3,25125,0.0,17925,25977.8,26450.0
2025-10-27 14:30:00,426.0,433.0,380.8,390.05,12000,0.0,187050,25967.05,26400.0
2025-10-27 14:45:00,394.75,425.0,387.65,406.0,38325,0.0,180375,25958.2,26400.0
2025-10-27 15:00:00,398.15,417.75,387.0,392.35,19500,0.0,178275,25963.8,26400.0
2025-10-27 15:15:00,402.15,430.0,370.75,372.9,17700,0.0,172500,25974.0,26400.0
2025-10-28 09:15:00,430.2,474.25,383.75,443.3,57450,0.0,16125,25988.85,26450.0
2025-10-28 09:30:00,443.7,465.4,391.05,405.05,64425,0.0,16725,26019.5,26450.0
2025-10-28 09:45:00,396.65,469.35,395.0,414.55,43725,0.0,168075,25970.3,26400.0
2025-10-28 10:00:00,418.15,459.25,401.05,436.5,56550,0.0,46050,25905.25,26350.0
2025-10-28 10:15:00,440.0,455.35,429.85,437.3,15600,0.0,46050,25901.5,26350.0
2025-10-28 10:30:00,443.05,471.35,402.55,451.75,59025,0.0,42375,25891.15,26350.0
2025-10-28 10:45:00,453.85,465.7,408.45,430.0,58350,0.0,473700,25862.5,26300.0
2025-10-28 11:00:00,427.25,452.9,424.0,442.1,56250,0.0,465750,25852.3,26300.0
2025-10-28 11:15:00,436.6,462.0,413.8,459.35,22425,0.0,40875,25880.2,26350.0
2025-10-28 11:30:00,447.55,469.15,406.1,455.95,19350,0.0,42825,25878.05,26350.0
2025-10-28 11:45:00,412.7,463.7,410.35,446.0,53925,0.0,467475,25848.65,26300.0
2025-10-28 12:00:00,446.35,468.65,436.7,452.2,80775,0.0,446700,25843.65,26300.0
2025-10-28 12:15:00,454.55,456.15,412.0,425.0,41775,0.0,441600,25863.25,26300.0
2025-10-28 12:30:00,430.0,465.8,410.5,457.7,21300,0.0,131550,25929.0,26400.0
2025-10-28 12:45:00,454.0,465.35,396.85,450.0,37125,0.0,133425,25935.45,26400.0
2025-10-28 13:00:00,453.1,461.5,390.0,458.3,14325,0.0,133050,25926.35,26400.0
2025-10-28 13:15:00,417.5,470.0,405.0,442.35,17175,0.0,135075,25943.05,26400.0
2025-10-28 13:30:00,442.15,464.2,415.0,448.9,7500,0.0,48075,25879.6,26350.0
2025-10-28 13:45:00,448.4,469.55,402.65,466.45,58350,33.29,47475,25882.35,26350.0
2025-10-28 14:00:00,466.45,466.45,402.1,425.75,44775,32.36,389475,25873.7,26300.0
2025-10-28 14:15:00,430.0,474.3,419.9,463.5,41400,32.26,385350,25833.5,26300.0
2025-10-28 14:30:00,469.65,475.0,446.9,463.2,32325,24.68,380625,25826.75,26300.0
2025-10-28 14:45:00,460.65,475.6,411.4,444.0,32025,0.0,378300,25850.6,26300.0
2025-10-28 15:00:00,485.4,485.4,421.0,461.2,33975,36.34,126450,25943.0,26400.0
2025-10-28 15:15:00,463.25,464.95,459.55,463.3,24600,49.39,117150,25965.4,26400.0
2025-10-29 09:15:00,454.05,480.05,435.25,467.0,4200,11.62,10050,26010.0,26450.0
2025-10-29 09:30:00,450.0,468.3,440.55,449.25,8925,11.22,238050,25972.3,26400.0
2025-10-29 09:45:00,479.25,479.25,447.75,479.25,1650,11.47,9600,25983.7,26450.0
2025-10-29 10:00:00,479.25,479.25,464.05,464.05,150,11.24,9750,25997.7,26450.0
2025-10-29 10:15:00,464.05,470.0,443.55,461.0,16350,10.95,756225,26040.4,26500.0
2025-10-29 10:30:00,460.05,460.25,443.4,451.25,89850,10.72,781350,26046.15,26500.0
2025-10-29 10:45:00,452.4,470.0,428.5,458.5,31875,10.88,781950,26041.4,26500.0
2025-10-29 11:00:00,458.1,466.0,429.5,440.2,16575,10.91,11100,26022.45,26450.0
2025-10-29 11:15:00,440.2,470.75,440.2,461.65,10275,10.96,789150,26040.7,26500.0
2025-10-29 11:30:00,461.9,470.75,453.6,453.6,12075,10.87,791175,26049.6,26500.0
2025-10-29 11:45:00,453.6,457.4,449.5,454.95,10725,10.58,796800,26034.2,26500.0
2025-10-29 12:00:00,452.2,456.6,436.75,442.75,24825,10.6,798900,26054.75,26500.0
2025-10-29 12:15:00,442.0,442.0,426.1,428.1,30900,10.31,804300,26065.3,26500.0
2025-10-29 12:30:00,427.25,452.7,419.75,424.35,21825,10.31,807600,26073.0,26500.0
2025-10-29 12:45:00,423.55,452.7,423.35,425.3,12075,10.39,813600,26073.85,26500.0
2025-10-29 13:00:00,425.0,452.7,421.25,450.0,14325,10.3,3750,26080.25,26550.0
2025-10-29 13:15:00,450.0,450.05,425.8,427.9,2550,10.35,820350,26067.15,26500.0
2025-10-29 13:30:00,428.25,450.05,424.2,431.75,5025,10.59,820950,26072.0,26500.0
2025-10-29 13:45:00,432.0,461.05,426.75,441.0,21975,10.66,820575,26060.4,26500.0
2025-10-29 14:00:00,443.25,459.9,440.05,448.0,41025,10.75,820650,26052.85,26500.0
2025-10-29 14:15:00,446.85,467.9,439.65,443.55,25125,10.74,824400,26059.85,26500.0
2025-10-29 14:30:00,442.8,456.4,437.5,452.0,24525,10.97,823500,26055.75,26500.0
2025-10-29 14:45:00,450.0,463.3,427.3,449.75,44625,10.67,829950,26045.9,26500.0
2025-10-29 15:00:00,450.2,458.0,448.3,449.6,41100,10.62,833325,26043.55,26500.0
2025-10-29 15:15:00,449.6,449.9,429.35,433.15,74400,10.57,808950,26068.3,26500.0
2025-10-30 09:15:00,460.4,483.1,439.1,481.8,12075,11.48,15900,25978.7,26450.0
2025-10-30 09:30:00,454.9,493.95,453.4,462.0,12825,11.76,39525,25921.55,26350.0
2025-10-30 09:45:00,477.0,504.05,468.05,486.0,2775,12.33,38775,25905.85,26350.0
2025-10-30 10:00:00,486.0,500.0,465.95,465.95,7875,11.63,280125,25959.45,26400.0
2025-10-30 10:15:00,465.0,492.75,455.8,478.0,6750,11.59,277650,25938.05,26400.0
2025-10-30 10:30:00,482.25,488.75,436.6,458.95,4350,11.58,37500,25917.8,26350.0
2025-10-30 10:45:00,458.95,489.25,454.85,454.85,600,11.45,37425,25916.35,26350.0
2025-10-30 11:00:00,454.85,490.25,454.85,466.75,6975,11.58,278775,25956.1,26400.0
2025-10-30 11:15:00,465.35,468.0,450.0,459.8,5250,11.33,278250,25954.65,26400.0
2025-10-30 11:30:00,459.75,481.05,459.75,479.25,5850,11.48,281100,25931.8,26400.0
2025-10-30 11:45:00,479.25,480.0,445.0,464.05,675,11.53,37125,25906.9,26350.0
2025-10-30 12:00:00,464.05,464.05,464.05,464.05,0,11.64,37125,25912.25,26350.0
2025-10-30 12:15:00,464.05,486.0,455.0,455.0,450,11.49,36975,25919.95,26350.0
2025-10-30 12:30:00,455.0,455.0,455.0,455.0,0,11.47,36975,25920.45,26350.0
2025-10-30 12:45:00,455.0,455.0,455.0,455.0,75,11.18,37050,25906.5,26350.0
2025-10-30 13:00:00,455.0,461.85,455.0,459.2,150,11.75,37125,25923.05,26350.0
2025-10-30 13:15:00,459.2,482.95,459.2,459.2,75,11.09,37125,25896.9,26350.0
2025-10-30 13:30:00,459.2,480.0,457.15,480.0,975,11.51,37125,25880.8,26350.0
2025-10-30 13:45:00,480.0,480.0,444.55,480.0,1200,11.73,37125,25889.0,26350.0
2025-10-30 14:00:00,480.0,480.0,439.05,480.0,600,11.67,37125,25889.35,26350.0
2025-10-30 14:15:00,480.0,480.0,441.95,456.7,75,11.02,37200,25895.85,26350.0
2025-10-30 14:30:00,456.7,456.7,456.7,456.7,0,11.2,37200,25904.6,26350.0
2025-10-30 14:45:00,456.7,480.8,444.0,450.0,7650,11.14,701250,25862.3,26300.0
2025-10-30 15:00:00,489.05,489.05,447.2,447.55,10800,11.35,706800,25873.75,26300.0
2025-10-30 15:15:00,471.7,471.95,461.75,461.75,975,11.06,37275,25891.2,26350.0
